dataset_id,source_name,url_used,source_local_path,source_size_mb,source_sha256,detected_payload,retrieved_or_checked_utc,redistribution_note
radar_1000_bz2,nattaponm/train_tmd_radar_basic_1day,,/content/drive/MyDrive/TMD_Radar_Course_Builder/00_instructor_build/v1/source_downloads/PHS240@201807201000.uf.bz2,2.184772491455078,29a5f2618339b0bf71d88a1970f2285d00fb3285e20b1033b9a539b85be56047,GZIP,2026-08-24T07:22:12.993189+00:00,Review current source license/data-use conditions before public redistribution.
radar_1030_bz2,nattaponm/train_tmd_radar_basic_1day,,/content/drive/MyDrive/TMD_Radar_Course_Builder/00_instructor_build/v1/source_downloads/PHS240@201807201030.uf.bz2,2.1402063369750977,59f9a58dd3c7e26880331610f74b29bd3fec9f59eb11830e5d5d0a05c1b3e988,GZIP,2026-08-24T07:22:14.496860+00:00,Review current source license/data-use conditions before public redistribution.
dem,nattaponm/Beam_blockage_radar_Thai,,/content/drive/MyDrive/TMD_Radar_Course_Builder/00_instructor_build/v1/source_downloads/wrl_dem_phk1.tif,1.7508106231689453,d1a25a917226551d5d1019e688304154a7e15261aadac2ad4b99610c5b3cd6c9,,2026-08-24T07:22:15.042844+00:00,Review current source license/data-use conditions before public redistribution.
sounding_raw,nattaponm/Python_sounding_Sharppy_Wyomming,,/content/drive/MyDrive/TMD_Radar_Course_Builder/00_instructor_build/v1/source_downloads/sounding_cm.txt,0.007201194763183594,8ca50e3dffb1c84ecca56676d692de44607f5534571ed9d38e62aacb3406424b,,2026-08-24T07:22:16.369311+00:00,Review current source license/data-use conditions before public redistribution.
amphoe_simplified,prasertcbs/thailand_gis,,/content/drive/MyDrive/TMD_Radar_Course_Builder/00_instructor_build/v1/source_downloads/thailand_province_amphoe_simplify.zip,1.7284784317016602,ff4175b5bc24b237f0beff8634af2835ea7d7e1002092c27a89617fc409340c6,,2026-08-24T07:22:16.909829+00:00,Review current source license/data-use conditions before public redistribution.
geoboundaries_tha_adm1,geoBoundaries gbOpen,https://github.com/wmgeolab/geoBoundaries/raw/9469f09/releaseData/gbOpen/THA/ADM1/geoBoundaries-THA-ADM1_simplified.geojson,/content/drive/MyDrive/TMD_Radar_Course_Builder/00_instructor_build/v1/source_downloads/geoBoundaries_THA_ADM1.geojson,0.9631824493408203,841f1250cac868fa966b2089863f01e9c9b4dc9b7fb0d9d6dce9a495e32b32a0,,2026-08-24T07:22:21.981918+00:00,Review current source license/data-use conditions before public redistribution.
hydrobasins_asia_level_7,HydroSHEDS HydroBASINS,https://data.hydrosheds.org/file/hydrobasins/standard/hybas_as_lev07_v1c.zip,/content/drive/MyDrive/TMD_Radar_Course_Builder/00_instructor_build/v1/source_downloads/hybas_as_lev07_v1c.zip,19.99506378173828,3ad218066cc141afe1fceb9bcf64005c1a70ad739c438ef82bebac76f52ea2d7,,2026-08-24T07:22:23.986965+00:00,Review current source license/data-use conditions before public redistribution.
canonical_radar_1000_uf,Derived by bz2 decompression,,/content/drive/MyDrive/TMD_Radar_Course_Builder/00_instructor_build/v1/Canonical_TMD_Radar_Course_v1/tmd_radar_course/01_data/radar/uf/PHS240@201807201000.uf,6.913814544677734,1467bc9c69b3b93a3ab163376dd193f562404499c4e1fdf065155d334cafd030,,2026-08-24T07:22:27.704773+00:00,Derived from the downloaded source radar volume.
canonical_radar_1030_uf,Derived by bz2 decompression,,/content/drive/MyDrive/TMD_Radar_Course_Builder/00_instructor_build/v1/Canonical_TMD_Radar_Course_v1/tmd_radar_course/01_data/radar/uf/PHS240@201807201030.uf,6.913814544677734,aaed5f20ee5c441bddce209f47b7d26d6c60155719f17476c229f1374a6e88fb,,2026-08-24T07:22:27.743679+00:00,Derived from the downloaded source radar volume.
